code,date,open,high,low,close,volume
588000.SH,20260420,1.5,1.529,1.5,1.527,24059226
588000.SH,20260421,1.523,1.523,1.491,1.504,23261832
588000.SH,20260422,1.496,1.53,1.495,1.529,23622753
588000.SH,20260423,1.543,1.545,1.494,1.508,25578804
588000.SH,20260424,1.513,1.551,1.493,1.531,32916929
588000.SH,20260427,1.552,1.597,1.544,1.591,33052984
588000.SH,20260428,1.579,1.608,1.559,1.568,23183886
588000.SH,20260429,1.555,1.576,1.53,1.575,22938789
588000.SH,20260430,1.592,1.665,1.59,1.654,51410542
588000.SH,20260506,1.719,1.812,1.709,1.744,43376901
588000.SH,20260507,1.752,1.772,1.733,1.769,23533728
588000.SH,20260508,1.744,1.745,1.712,1.727,27678011
588000.SH,20260511,1.777,1.82,1.758,1.811,37053343
588000.SH,20260512,1.802,1.841,1.777,1.816,28999405
588000.SH,20260513,1.78,1.866,1.767,1.865,34174507
588000.SH,20260514,1.884,1.898,1.814,1.815,34701713
588000.SH,20260515,1.807,1.865,1.758,1.787,44180704
588000.SH,20260518,1.77,1.842,1.77,1.803,33138391
588000.SH,20260519,1.787,1.872,1.759,1.871,37991842
588000.SH,20260520,1.857,1.933,1.856,1.931,39558656
588000.SH,20260521,1.967,1.994,1.853,1.86,43811242
588000.SH,20260522,1.873,1.899,1.84,1.887,31913483
588000.SH,20260525,1.887,2.002,1.867,1.998,43284249
588000.SH,20260526,1.983,1.983,1.922,1.968,37234694
588000.SH,20260527,1.972,2.003,1.905,1.911,38203455
588000.SH,20260528,1.893,1.954,1.891,1.942,38830391
588000.SH,20260529,1.944,1.952,1.82,1.844,46204309
588000.SH,20260601,1.841,1.85,1.751,1.754,41950165
588000.SH,20260602,1.756,1.803,1.728,1.781,35626927
588000.SH,20260603,1.788,1.872,1.784,1.823,41060877
588000.SH,20260604,1.794,1.856,1.789,1.832,22853730
588000.SH,20260605,1.801,1.829,1.75,1.763,30367655
588000.SH,20260608,1.69,1.725,1.665,1.683,38792519
588000.SH,20260609,1.721,1.76,1.696,1.755,28793746
588000.SH,20260610,1.748,1.818,1.724,1.744,33172350
588000.SH,20260611,1.727,1.771,1.723,1.756,26617707
588000.SH,20260612,1.825,1.828,1.751,1.756,32648313
588000.SH,20260615,1.782,1.845,1.75,1.844,30014794
588000.SH,20260616,1.845,1.863,1.823,1.855,25442446
588000.SH,20260617,1.828,1.94,1.819,1.939,34743070
588000.SH,20260618,1.935,2.042,1.932,2.017,40816717
588000.SH,20260622,2.026,2.07,1.981,2.056,36095738
588000.SH,20260623,2.04,2.09,1.992,2.023,36431581
588000.SH,20260624,2.0,2.105,1.987,2.096,42445906
588000.SH,20260625,2.114,2.189,2.106,2.178,36633531
588000.SH,20260626,2.142,2.188,2.084,2.133,40480199
588000.SH,20260629,2.143,2.25,2.124,2.248,37600948
588000.SH,20260630,2.257,2.349,2.228,2.344,30844927
588000.SH,20260701,2.346,2.39,2.252,2.29,40231507
588000.SH,20260702,2.22,2.24,2.1,2.119,48508911
588000.SH,20260703,2.089,2.165,2.068,2.102,35733779
588000.SH,20260706,2.133,2.148,2.031,2.116,36035968
588000.SH,20260707,2.08,2.162,2.073,2.126,33207940
588000.SH,20260708,2.142,2.208,2.083,2.145,35749752
588000.SH,20260709,2.166,2.333,2.15,2.328,45434460
588000.SH,20260710,2.334,2.386,2.204,2.209,47029319
588000.SH,20260713,2.16,2.226,2.081,2.1,42418236
588000.SH,20260714,2.094,2.136,1.998,2.125,45748161
588000.SH,20260715,2.133,2.141,2.011,2.028,43999240
588000.SH,20260716,1.977,2.054,1.928,1.945,45474999
588000.SH,20260717,1.922,1.945,1.791,1.807,76598841
588000.SH,20260720,1.851,1.873,1.737,1.815,130587363
588000.SH,20260721,1.832,2.017,1.755,2.016,92429147
588000.SH,20260722,1.963,2.038,1.935,1.955,69062303
588000.SH,20260723,1.97,1.979,1.867,1.888,52574641
588000.SH,20260724,1.851,1.931,1.85,1.885,47465142
588000.SH,20260727,1.875,1.918,1.819,1.911,40655258
588000.SH,20260728,1.86,1.896,1.768,1.785,59997678
588000.SH,20260729,1.782,1.807,1.698,1.776,74262254
588000.SH,20260730,1.743,1.766,1.647,1.669,89808326
588000.SH,20260731,1.789,1.827,1.724,1.728,86830349
588000.SH,20260803,1.698,1.71,1.635,1.636,64762724
588000.SH,20260804,1.649,1.72,1.642,1.706,62410029
588000.SH,20260805,1.706,1.809,1.7,1.786,64532763
588000.SH,20260806,1.75,1.822,1.741,1.794,42709307
588000.SH,20260807,1.788,1.844,1.78,1.84,42528943
588000.SH,20260810,1.84,1.851,1.799,1.835,34364399
588000.SH,20260811,1.816,1.85,1.795,1.806,32083768
588000.SH,20260812,1.811,1.844,1.803,1.833,28899076
588000.SH,20260813,1.856,1.881,1.809,1.812,40287224
588000.SH,20260814,1.832,1.837,1.785,1.814,31499191
588000.SH,20260817,1.812,1.888,1.811,1.888,42269337
511010.SH,20260420,139.942,139.981,139.906,139.925,56866
511010.SH,20260421,139.909,139.964,139.889,139.92,7982
511010.SH,20260422,139.96,140.029,139.952,140.023,29608
511010.SH,20260423,140.023,140.028,139.956,140.023,50750
511010.SH,20260424,140.03,140.116,140.025,140.085,48984
511010.SH,20260427,140.027,140.041,139.874,139.887,30849
511010.SH,20260428,139.946,140.025,139.928,140.006,84554
511010.SH,20260429,140.016,140.085,139.998,140.085,41704
511010.SH,20260430,140.087,140.117,140.056,140.059,172006
511010.SH,20260506,139.986,140.056,139.903,139.997,48190
511010.SH,20260507,139.997,140.068,139.975,140.006,54616
511010.SH,20260508,140.034,140.086,140.034,140.086,200995
511010.SH,20260511,140.082,140.116,139.98,140.097,36146
511010.SH,20260512,140.114,140.172,140.076,140.149,32192
511010.SH,20260513,140.149,140.195,140.148,140.185,20414
511010.SH,20260514,140.195,140.206,140.163,140.197,15545
511010.SH,20260515,140.232,140.282,140.2,140.26,18514
511010.SH,20260518,140.262,140.322,140.186,140.312,18273
511010.SH,20260519,140.308,140.455,140.308,140.433,37188
511010.SH,20260520,140.434,140.485,140.42,140.464,15078
511010.SH,20260521,140.461,140.477,140.367,140.377,20175
511010.SH,20260522,140.379,140.401,140.334,140.39,10516
511010.SH,20260525,140.388,140.388,140.331,140.362,16152
511010.SH,20260526,140.362,140.421,140.362,140.416,10171
511010.SH,20260527,140.418,140.493,140.417,140.488,72578
511010.SH,20260528,140.513,140.604,140.509,140.603,18554
511010.SH,20260529,140.596,140.69,140.574,140.685,66250
511010.SH,20260601,140.684,140.712,140.661,140.69,27166
511010.SH,20260602,140.689,140.711,140.656,140.666,29173
511010.SH,20260603,140.667,140.694,140.634,140.65,34290
511010.SH,20260604,140.651,140.711,140.599,140.69,35412
511010.SH,20260605,140.698,140.751,140.667,140.686,29553
511010.SH,20260608,140.663,140.675,140.537,140.595,20336
511010.SH,20260609,140.597,140.625,140.517,140.531,30226
511010.SH,20260610,140.519,140.565,140.462,140.464,27309
511010.SH,20260611,140.464,140.466,140.323,140.324,25459
511010.SH,20260612,140.32,140.412,140.32,140.349,27540
511010.SH,20260615,140.406,140.406,140.259,140.376,21902
511010.SH,20260616,140.377,140.505,140.346,140.495,50600
511010.SH,20260617,140.496,140.548,140.465,140.534,20260
511010.SH,20260618,140.546,140.628,140.531,140.617,44534
511010.SH,20260622,140.617,140.663,140.536,140.649,85941
511010.SH,20260623,140.644,140.644,140.544,140.558,25436
511010.SH,20260624,140.558,140.621,140.54,140.619,51554
511010.SH,20260625,140.7,140.701,140.607,140.636,24147
511010.SH,20260626,140.649,140.725,140.639,140.721,11854
511010.SH,20260629,140.742,140.848,140.742,140.845,18959
511010.SH,20260630,140.848,140.852,140.766,140.792,31562
511010.SH,20260701,140.781,140.781,140.599,140.637,53722
511010.SH,20260702,140.637,140.706,140.591,140.695,30623
511010.SH,20260703,140.65,140.699,140.641,140.695,137244
511010.SH,20260706,140.694,140.768,140.682,140.753,37606
511010.SH,20260707,140.75,140.774,140.71,140.748,48534
511010.SH,20260708,140.713,140.807,140.713,140.799,314106
511010.SH,20260709,140.8,140.813,140.764,140.771,96245
511010.SH,20260710,140.772,140.793,140.76,140.782,188520
511010.SH,20260713,140.782,140.817,140.765,140.775,138857
511010.SH,20260714,140.785,140.815,140.738,140.798,51834
511010.SH,20260715,140.798,140.822,140.768,140.819,34878
511010.SH,20260716,140.819,140.822,140.765,140.789,35007
511010.SH,20260717,140.788,140.84,140.769,140.812,33700
511010.SH,20260720,140.812,140.83,140.743,140.815,43703
511010.SH,20260721,140.814,140.828,140.785,140.824,196830
511010.SH,20260722,140.822,140.915,140.8,140.899,68477
511010.SH,20260723,140.9,140.98,140.845,140.867,192811
511010.SH,20260724,140.869,140.899,140.84,140.874,57626
511010.SH,20260727,140.874,140.888,140.818,140.841,42748
511010.SH,20260728,140.843,140.861,140.811,140.832,50936
511010.SH,20260729,140.821,140.85,140.802,140.827,74226
511010.SH,20260730,140.823,140.86,140.818,140.853,72295
511010.SH,20260731,140.85,140.972,140.85,140.97,16707
511010.SH,20260803,140.993,141.048,140.94,140.957,113217
511010.SH,20260804,140.957,141.009,140.956,140.991,30847
511010.SH,20260805,141.004,141.031,140.984,141.0,106502
511010.SH,20260806,141.011,141.03,140.983,141.015,162068
511010.SH,20260807,141.015,141.086,140.994,141.086,228398
511010.SH,20260810,141.1,141.117,141.042,141.101,61330
511010.SH,20260811,141.1,141.103,141.065,141.07,52086
511010.SH,20260812,141.07,141.1,141.026,141.084,95334
511010.SH,20260813,141.104,141.14,141.08,141.131,192976
511010.SH,20260814,141.133,141.185,141.129,141.18,110966
511010.SH,20260817,141.181,141.255,141.176,141.217,37391
